zdbId	source
1000211-X	ALEPH
1004015-8	ALEPH
1004016-X	ALEPH
1004747-5	ALEPH
1007899-X	ALEPH
1010533-5	ALEPH
1013863-8	ALEPH
1014348-8	ALEPH
1017152-6	ALEPH
1017156-3	ALEPH
1017159-9	ALEPH
1018017-5	ALEPH
1018926-9	ALEPH
1019066-1	ALEPH
1020277-8	ALEPH
1021574-8	ALEPH
1021908-0	ALEPH
1022056-2	ALEPH
1023135-3	ALEPH
1024996-5	ALEPH
1025211-3	ALEPH
1025706-8	ALEPH
1030699-7	ALEPH
1033524-9	ALEPH
1040545-8	ALEPH
1040548-3	ALEPH
1041735-7	ALEPH
1042386-2	ALEPH
1043293-0	ALEPH
1044034-3	ALEPH
1044424-5	ALEPH
1045385-4	ALEPH
1046945-X	ALEPH
1047190-X	ALEPH
1048025-0	ALEPH
1048300-7	ALEPH
1050032-7	ALEPH
1050101-0	ALEPH
1050170-8	ALEPH
1050367-5	ALEPH
1050377-8	ALEPH
1051858-7	ALEPH
1052056-9	ALEPH
1053633-4	ALEPH
1053976-1	ALEPH
1056269-2	ALEPH
1056846-3	ALEPH
1058471-7	ALEPH
1058949-1	ALEPH
1059622-7	ALEPH
1060098-X	ALEPH
1061097-2	ALEPH
1063805-2	ALEPH
1065385-5	ALEPH
1065552-9	ALEPH
1066256-X	ALEPH
1067207-2	ALEPH
1067299-0	ALEPH
1069635-0	ALEPH
1073600-1	ALEPH
1073787-X	ALEPH
1074162-8	ALEPH
1074246-3	ALEPH
1074496-4	ALEPH
1074596-8	ALEPH
1074816-7	ALEPH
1074826-X	ALEPH
1075100-2	ALEPH
1075636-X	ALEPH
1077067-7	ALEPH
1079904-7	ALEPH
1082955-6	ALEPH
1084250-0	ALEPH
1084253-6	ALEPH
1084257-3	ALEPH
1085571-3	ALEPH
1085597-X	ALEPH
1085773-4	ALEPH
1088717-9	ALEPH
1089504-8	ALEPH
1091689-1	ALEPH
1092769-4	ALEPH
1093240-9	ALEPH
1093283-5	ALEPH
1093287-2	ALEPH
1093702-X	ALEPH
1094435-7	ALEPH
1097775-2	ALEPH
1099324-1	ALEPH
1099664-3	ALEPH
1101418-0	ALEPH
1104425-1	ALEPH
1105329-X	ALEPH
1105454-2	ALEPH
1105860-2	ALEPH
1106854-1	ALEPH
1107980-0	ALEPH
1109801-6	ALEPH
1113566-9	ALEPH
1113945-6	ALEPH
1116439-6	ALEPH
1117459-6	ALEPH
1117603-9	ALEPH
1118257-X	ALEPH
1119155-7	ALEPH
1122379-0	ALEPH
1122437-X	ALEPH
1122476-9	ALEPH
1122788-6	ALEPH
1122942-1	ALEPH
1123829-X	ALEPH
1123845-8	ALEPH
1124973-0	ALEPH
1126032-4	ALEPH
1126037-3	ALEPH
1126723-9	ALEPH
1127247-8	ALEPH
1128771-8	ALEPH
1128962-4	ALEPH
1129654-9	ALEPH
1129656-2	ALEPH
1129660-4	ALEPH
1129678-1	ALEPH
1130129-6	ALEPH
1130760-2	ALEPH
1131002-9	ALEPH
1131252-X	ALEPH
1131536-2	ALEPH
1131917-3	ALEPH
1132721-2	ALEPH
1132748-0	ALEPH
1132753-4	ALEPH
1132793-5	ALEPH
1133150-1	ALEPH
1136134-7	ALEPH
1136951-6	ALEPH
1138-1	ALEPH
1138548-0	ALEPH
1139787-1	ALEPH
1140-X	ALEPH
1142875-2	ALEPH
1145064-2	ALEPH
1145065-4	ALEPH
1145068-X	ALEPH
1145075-7	ALEPH
1149879-1	ALEPH
1150062-1	ALEPH
1150243-5	ALEPH
1151090-0	ALEPH
1152260-4	ALEPH
1152378-5	ALEPH
1153903-3	ALEPH
1155197-5	ALEPH
1156311-4	ALEPH
1158789-1	ALEPH
1159188-2	ALEPH
1161147-9	ALEPH
1161469-9	ALEPH
1162542-9	ALEPH
1163410-8	ALEPH
1165422-3	ALEPH
1165778-9	ALEPH
1166556-7	ALEPH
1166685-7	ALEPH
1169418-X	ALEPH
1174441-8	ALEPH
1176458-2	ALEPH
1176703-0	ALEPH
1177125-2	ALEPH
1177809-X	ALEPH
1177938-X	ALEPH
1178132-4	ALEPH
1180959-0	ALEPH
1181649-1	ALEPH
1182281-8	ALEPH
1182960-6	ALEPH
1185964-7	ALEPH
1187205-6	ALEPH
1189226-2	ALEPH
1190052-0	ALEPH
1190056-8	ALEPH
1190535-9	ALEPH
1190669-8	ALEPH
1191044-6	ALEPH
1191123-2	ALEPH
1192645-4	ALEPH
1193292-2	ALEPH
1196850-3	ALEPH
1198052-7	ALEPH
1200660-9	ALEPH
120093-8	ALEPH
1202151-9	ALEPH
120313-7	ALEPH
1203957-3	ALEPH
1204285-7	ALEPH
120689-8	ALEPH
1206956-5	ALEPH
1207058-0	ALEPH
1207159-6	ALEPH
1207163-8	ALEPH
1207165-1	ALEPH
1207180-8	ALEPH
1207186-9	ALEPH
1208023-8	ALEPH
1208761-0	ALEPH
1209839-5	ALEPH
120993-0	ALEPH
1210499-1	ALEPH
1212023-6	ALEPH
1212779-6	ALEPH
1212784-X	ALEPH
1212785-1	ALEPH
121366-0	ALEPH
121440-8	ALEPH
1214743-6	ALEPH
1215539-1	ALEPH
1215547-0	ALEPH
1215719-3	ALEPH
1216891-9	ALEPH
1218126-2	ALEPH
1218146-8	ALEPH
1218358-1	ALEPH
1218359-3	ALEPH
1218793-8	ALEPH
1218926-1	ALEPH
1219331-8	ALEPH
1221658-6	ALEPH
1222621-X	ALEPH
1223082-0	ALEPH
1223435-7	ALEPH
1223513-1	ALEPH
1223546-5	ALEPH
1224-5	ALEPH
1224441-7	ALEPH
1224451-X	ALEPH
1224538-0	ALEPH
1224805-8	ALEPH
1225612-2	ALEPH
1226002-2	ALEPH
1226008-3	ALEPH
1226629-2	ALEPH
1226689-9	ALEPH
1226708-9	ALEPH
1226715-6	ALEPH
1226815-X	ALEPH
1226892-6	ALEPH
1227115-9	ALEPH
1227293-0	ALEPH
1227860-9	ALEPH
1228301-0	ALEPH
1229403-2	ALEPH
1229536-X	ALEPH
1230735-X	ALEPH
1231588-6	ALEPH
123222-8	ALEPH
1233453-4	ALEPH
123352-X	ALEPH
123383-X	ALEPH
1234281-6	ALEPH
1234310-9	ALEPH
1235454-5	ALEPH
123630-1	ALEPH
1237484-2	ALEPH
1237975-X	ALEPH
1239238-8	ALEPH
1239466-X	ALEPH
1240297-7	ALEPH
124143-6	ALEPH
124240-4	ALEPH
124255-6	ALEPH
124263-5	ALEPH
124278-7	ALEPH
124339-1	ALEPH
124525-9	ALEPH
125373-6	ALEPH
1254248-9	ALEPH
1255836-9	ALEPH
1256224-5	ALEPH
1257120-9	ALEPH
125896-5	ALEPH
1261408-7	ALEPH
1272-5	ALEPH
127272-X	ALEPH
127412-0	ALEPH
127887-3	ALEPH
1279618-9	ALEPH
1281078-2	ALEPH
1281139-7	ALEPH
1282340-5	ALEPH
1282437-9	ALEPH
1284442-1	ALEPH
1284452-4	ALEPH
1284484-6	ALEPH
1284613-2	ALEPH
1285392-6	ALEPH
1285394-X	ALEPH
1286138-8	ALEPH
1286731-7	ALEPH
1288088-7	ALEPH
128998-6	ALEPH
1293520-7	ALEPH
1294-4	ALEPH
1295085-3	ALEPH
1302147-3	ALEPH
1302621-5	ALEPH
130269-3	ALEPH
1302737-2	ALEPH
1305724-8	ALEPH
1305842-3	ALEPH
1306368-6	ALEPH
1306370-4	ALEPH
1306379-0	ALEPH
1306721-7	ALEPH
1306957-3	ALEPH
130946-8	ALEPH
1310780-X	ALEPH
1311533-9	ALEPH
131312-5	ALEPH
1313834-0	ALEPH
1314835-7	ALEPH
1318031-9	ALEPH
131981-4	ALEPH
132017-8	ALEPH
132251-5	ALEPH
1322651-4	ALEPH
132315-5	ALEPH
132617-X	ALEPH
132802-5	ALEPH
132893-1	ALEPH
132894-3	ALEPH
1329416-7	ALEPH
132991-1	ALEPH
1329923-2	ALEPH
1331422-1	ALEPH
1331831-7	ALEPH
1331965-6	ALEPH
1332470-6	ALEPH
1334228-9	ALEPH
1334251-4	ALEPH
1334479-1	ALEPH
1334530-8	ALEPH
133473-6	ALEPH
1335293-3	ALEPH
1335305-6	ALEPH
1336479-0	ALEPH
1337661-5	ALEPH
133825-0	ALEPH
1339954-8	ALEPH
1340191-9	ALEPH
1341086-6	ALEPH
134170-4	ALEPH
1341814-2	ALEPH
1342101-3	ALEPH
1342699-0	ALEPH
1347233-1	ALEPH
1349535-5	ALEPH
135049-3	ALEPH
13513-6	ALEPH
1357838-8	ALEPH
1358760-2	ALEPH
1360821-6	ALEPH
1361769-2	ALEPH
1362224-9	ALEPH
1362230-4	ALEPH
1362236-5	ALEPH
1362307-2	ALEPH
136452-2	ALEPH
1367-5	ALEPH
1367434-1	ALEPH
1368-7	ALEPH
1371-7	ALEPH
1375163-3	ALEPH
1375164-5	ALEPH
137544-1	ALEPH
137821-1	ALEPH
137828-4	ALEPH
1378639-8	ALEPH
1378654-4	ALEPH
1378661-1	ALEPH
1378662-3	ALEPH
1378681-7	ALEPH
1379228-3	ALEPH
1379239-8	ALEPH
1379651-3	ALEPH
1382-1	ALEPH
1383599-3	ALEPH
1383957-3	ALEPH
138474-0	ALEPH
138594-X	ALEPH
1386103-7	ALEPH
1386718-0	ALEPH
1387770-7	ALEPH
139117-3	ALEPH
1394616-X	ALEPH
1395422-2	ALEPH
1395706-5	ALEPH
1395874-4	ALEPH
139822-2	ALEPH
1398490-1	ALEPH
1399770-1	ALEPH
1400776-9	ALEPH
1400780-0	ALEPH
1402080-4	ALEPH
1404176-5	ALEPH
1404792-5	ALEPH
1409031-4	ALEPH
1409970-6	ALEPH
1410727-2	ALEPH
1411403-3	ALEPH
1411839-7	ALEPH
1414714-2	ALEPH
1420571-3	ALEPH
1420707-2	ALEPH
1420748-5	ALEPH
1421019-8	ALEPH
1421043-5	ALEPH
1421426-X	ALEPH
1422151-2	ALEPH
1426487-0	ALEPH
1426914-4	ALEPH
1427537-5	ALEPH
142996-6	ALEPH
1430725-X	ALEPH
1431309-1	ALEPH
1431667-5	ALEPH
1433490-2	ALEPH
1434368-X	ALEPH
1436099-8	ALEPH
1438907-1	ALEPH
1439261-6	ALEPH
1440554-4	ALEPH
1440914-8	ALEPH
1442606-7	ALEPH
1442932-9	ALEPH
144489-X	ALEPH
144495-5	ALEPH
1444992-4	ALEPH
145007-4	ALEPH
1450729-8	ALEPH
1451745-0	ALEPH
1451785-1	ALEPH
1452224-X	ALEPH
1453610-9	ALEPH
1454110-5	ALEPH
1458365-3	ALEPH
1458368-9	ALEPH
1458373-2	ALEPH
1458565-0	ALEPH
145965-X	ALEPH
1461638-5	ALEPH
1465915-3	ALEPH
1466169-X	ALEPH
1467502-X	ALEPH
146879-0	ALEPH
1470126-1	ALEPH
1470352-X	ALEPH
1471347-0	ALEPH
1474774-1	ALEPH
1474778-9	ALEPH
147877-1	ALEPH
1480660-5	ALEPH
1480898-5	ALEPH
1483942-8	ALEPH
1484022-4	ALEPH
1484551-9	ALEPH
1487984-0	ALEPH
1490482-2	ALEPH
1492747-0	ALEPH
1500097-7	ALEPH
15007-1	ALEPH
150343-1	ALEPH
153269-8	ALEPH
161257-8	ALEPH
161818-0	ALEPH
162591-3	ALEPH
162717-X	ALEPH
162718-1	ALEPH
163239-5	ALEPH
1678-0	ALEPH
183976-7	ALEPH
185506-2	ALEPH
186402-6	ALEPH
187510-3	ALEPH
187511-5	ALEPH
187730-6	ALEPH
188009-3	ALEPH
189094-3	ALEPH
189610-6	ALEPH
193099-0	ALEPH
194289-X	ALEPH
1954-9	ALEPH
199614-9	ALEPH
2000310-9	ALEPH
2000437-0	ALEPH
200048-9	ALEPH
200069-6	ALEPH
2001186-6	ALEPH
200165-2	ALEPH
200179-2	ALEPH
200180-9	ALEPH
2002245-1	ALEPH
200229-2	ALEPH
200230-9	ALEPH
2002653-5	ALEPH
2002654-7	ALEPH
200355-7	ALEPH
200359-4	ALEPH
200362-4	ALEPH
200371-5	ALEPH
200397-1	ALEPH
200400-8	ALEPH
200617-0	ALEPH
200652-2	ALEPH
2007110-3	ALEPH
200799-X	ALEPH
2009336-6	ALEPH
200958-4	ALEPH
2009725-6	ALEPH
200990-0	ALEPH
200991-2	ALEPH
201011-2	ALEPH
201051-3	ALEPH
201152-9	ALEPH
2011569-6	ALEPH
201157-8	ALEPH
201181-5	ALEPH
201207-8	ALEPH
2014169-5	ALEPH
201422-1	ALEPH
201423-3	ALEPH
2015164-0	ALEPH
201598-5	ALEPH
201599-7	ALEPH
201603-5	ALEPH
201632-1	ALEPH
201635-7	ALEPH
201636-9	ALEPH
202126-2	ALEPH
202137-7	ALEPH
2021757-2	ALEPH
202192-4	ALEPH
202211-4	ALEPH
2022745-0	ALEPH
202280-1	ALEPH
202300-3	ALEPH
2023877-0	ALEPH
202566-8	ALEPH
202579-6	ALEPH
2025793-4	ALEPH
202580-2	ALEPH
202594-2	ALEPH
2026424-0	ALEPH
2026680-7	ALEPH
202675-2	ALEPH
202676-4	ALEPH
202680-6	ALEPH
202700-8	ALEPH
202773-2	ALEPH
202801-3	ALEPH
202842-6	ALEPH
202862-1	ALEPH
202951-0	ALEPH
2029592-3	ALEPH
202964-9	ALEPH
203059-7	ALEPH
203062-7	ALEPH
2031723-2	ALEPH
203215-6	ALEPH
203285-5	ALEPH
203316-1	ALEPH
203319-7	ALEPH
203357-4	ALEPH
203465-7	ALEPH
203467-0	ALEPH
2035214-1	ALEPH
203645-9	ALEPH
2036665-6	ALEPH
2038730-1	ALEPH
203956-4	ALEPH
203990-4	ALEPH
204109-1	ALEPH
204116-9	ALEPH
204135-2	ALEPH
204144-3	ALEPH
204178-9	ALEPH
204188-1	ALEPH
204191-1	ALEPH
204196-0	ALEPH
204237-X	ALEPH
2042766-9	ALEPH
204304-X	ALEPH
204346-4	ALEPH
2043512-5	ALEPH
204503-5	ALEPH
2045813-7	ALEPH
204654-4	ALEPH
2046852-0	ALEPH
204737-8	ALEPH
204738-X	ALEPH
204767-6	ALEPH
204770-6	ALEPH
2050534-6	ALEPH
205090-0	ALEPH
2053469-3	ALEPH
2053480-2	ALEPH
2053485-1	ALEPH
2053492-9	ALEPH
205363-9	ALEPH
2054077-2	ALEPH
205463-2	ALEPH
205464-4	ALEPH
205465-6	ALEPH
205752-9	ALEPH
205824-8	ALEPH
205881-9	ALEPH
2059020-9	ALEPH
2059036-2	ALEPH
205978-2	ALEPH
206055-3	ALEPH
206059-0	ALEPH
206076-0	ALEPH
206153-3	ALEPH
2061530-9	ALEPH
206169-7	ALEPH
206170-3	ALEPH
206172-7	ALEPH
206174-0	ALEPH
206176-4	ALEPH
206177-6	ALEPH
206178-8	ALEPH
206179-X	ALEPH
2062423-2	ALEPH
206310-4	ALEPH
206465-0	ALEPH
206466-2	ALEPH
206556-3	ALEPH
2065693-2	ALEPH
2069078-2	ALEPH
206954-4	ALEPH
206955-6	ALEPH
207046-7	ALEPH
207117-4	ALEPH
207118-6	ALEPH
207207-5	ALEPH
2072603-X	ALEPH
207268-3	ALEPH
2073-4	ALEPH
207311-0	ALEPH
207312-2	ALEPH
207313-4	ALEPH
207404-7	ALEPH
2074626-X	ALEPH
2074631-3	ALEPH
207527-1	ALEPH
207634-2	ALEPH
2077-1	ALEPH
207740-1	ALEPH
2078346-2	ALEPH
207838-7	ALEPH
207840-5	ALEPH
207842-9	ALEPH
207851-X	ALEPH
207853-3	ALEPH
207857-0	ALEPH
207858-2	ALEPH
207873-9	ALEPH
208022-9	ALEPH
208043-6	ALEPH
208152-0	ALEPH
208154-4	ALEPH
208155-6	ALEPH
208161-1	ALEPH
208162-3	ALEPH
208163-5	ALEPH
208173-8	ALEPH
2082461-0	ALEPH
208263-9	ALEPH
208278-0	ALEPH
2082949-8	ALEPH
208342-5	ALEPH
208343-7	ALEPH
208352-8	ALEPH
208353-X	ALEPH
208356-5	ALEPH
2083644-2	ALEPH
2085087-6	ALEPH
2086788-8	ALEPH
2088811-9	ALEPH
208949-X	ALEPH
2089520-3	ALEPH
208957-9	ALEPH
209369-8	ALEPH
209379-0	ALEPH
209393-5	ALEPH
209408-3	ALEPH
209413-7	ALEPH
2094753-7	ALEPH
2094930-3	ALEPH
2095607-1	ALEPH
209642-0	ALEPH
209823-4	ALEPH
2100203-4	ALEPH
210114-2	ALEPH
210134-8	ALEPH
210136-1	ALEPH
2105895-7	ALEPH
210615-2	ALEPH
210621-8	ALEPH
210677-2	ALEPH
210678-4	ALEPH
210690-5	ALEPH
2106946-3	ALEPH
210861-6	ALEPH
210878-1	ALEPH
2110374-4	ALEPH
2112778-5	ALEPH
2113694-4	ALEPH
211394-6	ALEPH
211412-4	ALEPH
2114449-7	ALEPH
2114544-1	ALEPH
211476-8	ALEPH
2115606-2	ALEPH
2115847-2	ALEPH
211633-9	ALEPH
2117049-6	ALEPH
211833-6	ALEPH
211935-3	ALEPH
211966-3	ALEPH
211983-3	ALEPH
212016-1	ALEPH
212025-2	ALEPH
212117-7	ALEPH
212252-2	ALEPH
212264-9	ALEPH
212300-9	ALEPH
212302-2	ALEPH
2123664-1	ALEPH
212672-2	ALEPH
212735-0	ALEPH
212736-2	ALEPH
212845-7	ALEPH
212846-9	ALEPH
212849-4	ALEPH
212860-3	ALEPH
213046-4	ALEPH
2130735-0	ALEPH
2130755-6	ALEPH
2133259-9	ALEPH
213375-1	ALEPH
213426-3	ALEPH
2134266-0	ALEPH
213427-5	ALEPH
213516-4	ALEPH
2135933-7	ALEPH
213617-X	ALEPH
213618-1	ALEPH
2136534-9	ALEPH
2138825-8	ALEPH
213904-2	ALEPH
213934-0	ALEPH
2139626-7	ALEPH
214025-1	ALEPH
214031-7	ALEPH
214032-9	ALEPH
214043-3	ALEPH
214053-6	ALEPH
214082-2	ALEPH
214109-7	ALEPH
214221-1	ALEPH
214222-3	ALEPH
214223-5	ALEPH
214236-3	ALEPH
214248-X	ALEPH
2142505-X	ALEPH
214261-2	ALEPH
214301-X	ALEPH
214444-X	ALEPH
214446-3	ALEPH
214451-7	ALEPH
214518-2	ALEPH
214604-6	ALEPH
2147435-7	ALEPH
2148441-7	ALEPH
2148626-8	ALEPH
2149797-7	ALEPH
2152334-4	ALEPH
2155-6	ALEPH
2157-X	ALEPH
2157769-9	ALEPH
2158835-1	ALEPH
2160-X	ALEPH
216038-9	ALEPH
216166-7	ALEPH
216168-0	ALEPH
216169-2	ALEPH
2162087-8	ALEPH
2162362-4	ALEPH
2162675-3	ALEPH
216285-4	ALEPH
216333-0	ALEPH
216336-6	ALEPH
216338-X	ALEPH
216639-2	ALEPH
216640-9	ALEPH
216643-4	ALEPH
216690-2	ALEPH
216691-4	ALEPH
216710-4	ALEPH
216753-0	ALEPH
216786-4	ALEPH
216892-3	ALEPH
216897-2	ALEPH
216910-1	ALEPH
216922-8	ALEPH
216923-X	ALEPH
216932-0	ALEPH
216934-4	ALEPH
216974-5	ALEPH
217116-8	ALEPH
217193-4	ALEPH
217210-0	ALEPH
2173494-X	ALEPH
2173784-8	ALEPH
2175409-3	ALEPH
217568-X	ALEPH
217582-4	ALEPH
217799-7	ALEPH
217823-0	ALEPH
217826-6	ALEPH
217854-0	ALEPH
217855-2	ALEPH
217859-X	ALEPH
217951-9	ALEPH
217953-2	ALEPH
217979-9	ALEPH
217992-1	ALEPH
218002-9	ALEPH
2180058-3	ALEPH
218008-X	ALEPH
218013-3	ALEPH
218019-4	ALEPH
2181278-0	ALEPH
2183148-8	ALEPH
218375-4	ALEPH
218376-6	ALEPH
2183767-3	ALEPH
2183804-5	ALEPH
2183810-0	ALEPH
2183988-8	ALEPH
218456-4	ALEPH
218685-8	ALEPH
219045-X	ALEPH
2192102-7	ALEPH
2192618-9	ALEPH
2192885-X	ALEPH
2192976-2	ALEPH
2192992-0	ALEPH
219438-7	ALEPH
2194973-6	ALEPH
2195024-6	ALEPH
2195041-6	ALEPH
2195043-X	ALEPH
2195046-5	ALEPH
2195048-9	ALEPH
2195132-9	ALEPH
2195207-3	ALEPH
2195208-5	ALEPH
2195209-7	ALEPH
2196543-2	ALEPH
2196546-8	ALEPH
2196547-X	ALEPH
2196560-2	ALEPH
2196563-8	ALEPH
2196564-X	ALEPH
2196565-1	ALEPH
2196566-3	ALEPH
2196568-7	ALEPH
2196569-9	ALEPH
2196570-5	ALEPH
2196571-7	ALEPH
2196572-9	ALEPH
219668-2	ALEPH
219670-0	ALEPH
219671-2	ALEPH
2196848-2	ALEPH
2196854-8	ALEPH
2196863-9	ALEPH
2196929-2	ALEPH
2199322-1	ALEPH
219981-6	ALEPH
2200463-4	ALEPH
2200467-1	ALEPH
220081-8	ALEPH
2201380-5	ALEPH
2201873-6	ALEPH
220238-4	ALEPH
220432-0	ALEPH
220433-2	ALEPH
220445-9	ALEPH
220561-0	ALEPH
2206883-1	ALEPH
220731-X	ALEPH
220836-2	ALEPH
220837-4	ALEPH
2209412-X	ALEPH
2209719-3	ALEPH
2210423-9	ALEPH
2210537-2	ALEPH
221070-8	ALEPH
221322-9	ALEPH
2213627-7	ALEPH
2214765-2	ALEPH
2215-9	ALEPH
221503-2	ALEPH
2215581-8	ALEPH
221629-2	ALEPH
2217316-X	ALEPH
2217330-4	ALEPH
2217746-2	ALEPH
221812-4	ALEPH
2218245-7	ALEPH
221909-8	ALEPH
2221-4	ALEPH
222187-1	ALEPH
2224-X	ALEPH
2230692-4	ALEPH
2231938-4	ALEPH
223312-5	ALEPH
2233171-2	ALEPH
2233655-2	ALEPH
223461-0	ALEPH
2236450-X	ALEPH
223706-4	ALEPH
223707-6	ALEPH
223708-8	ALEPH
223716-7	ALEPH
223717-9	ALEPH
223731-3	ALEPH
223732-5	ALEPH
2237340-8	ALEPH
223738-6	ALEPH
2238112-0	ALEPH
223813-5	ALEPH
2239-1	ALEPH
223903-6	ALEPH
223911-5	ALEPH
223967-X	ALEPH
2240125-8	ALEPH
2240395-4	ALEPH
224051-8	ALEPH
224136-5	ALEPH
224195-X	ALEPH
2244-5	ALEPH
2246799-3	ALEPH
224711-2	ALEPH
2250008-X	ALEPH
2252581-6	ALEPH
2252627-4	ALEPH
2254001-5	ALEPH
2256970-4	ALEPH
2257162-0	ALEPH
2257764-6	ALEPH
2259555-7	ALEPH
2264398-9	ALEPH
2266216-9	ALEPH
2276-7	ALEPH
2276014-3	ALEPH
227647-1	ALEPH
2276558-X	ALEPH
2279406-2	ALEPH
2279477-3	ALEPH
2280868-1	ALEPH
2284046-1	ALEPH
2285209-8	ALEPH
2287664-9	ALEPH
2295798-4	ALEPH
2299456-7	ALEPH
2301784-3	ALEPH
2302174-3	ALEPH
2302940-7	ALEPH
2304072-5	ALEPH
2310005-9	ALEPH
2310766-2	ALEPH
2314027-6	ALEPH
2319974-X	ALEPH
2320167-8	ALEPH
2320277-4	ALEPH
2325580-8	ALEPH
2325717-9	ALEPH
2325983-8	ALEPH
2326035-X	ALEPH
2326195-X	ALEPH
2326808-6	ALEPH
2326967-4	ALEPH
232717-X	ALEPH
2328878-4	ALEPH
2329509-0	ALEPH
2330465-0	ALEPH
2332604-9	ALEPH
2334098-8	ALEPH
2336558-4	ALEPH
233660-1	ALEPH
2337769-0	ALEPH
2338265-X	ALEPH
2338268-5	ALEPH
2338280-6	ALEPH
2340066-3	ALEPH
2340612-4	ALEPH
2345020-4	ALEPH
2346-2	ALEPH
2347009-4	ALEPH
2347735-0	ALEPH
2348202-3	ALEPH
2350-4	ALEPH
2350828-0	ALEPH
2350898-X	ALEPH
23512-X	ALEPH
2352433-9	ALEPH
2353-X	ALEPH
2353767-X	ALEPH
2354084-9	ALEPH
2354345-0	ALEPH
2354504-5	ALEPH
2355125-2	ALEPH
2356317-5	ALEPH
2356726-0	ALEPH
2365929-4	ALEPH
2366179-3	ALEPH
236705-1	ALEPH
2367063-0	ALEPH
2367414-3	ALEPH
2368341-7	ALEPH
2368872-5	ALEPH
2368961-4	ALEPH
237002-5	ALEPH
237005-0	ALEPH
2370191-2	ALEPH
237084-0	ALEPH
237103-0	ALEPH
237119-4	ALEPH
237302-6	ALEPH
237803-6	ALEPH
237861-9	ALEPH
237862-0	ALEPH
2380493-2	ALEPH
238152-7	ALEPH
238400-0	ALEPH
2384879-0	ALEPH
238909-5	ALEPH
2389260-2	ALEPH
2389266-3	ALEPH
2392039-7	ALEPH
2393035-4	ALEPH
2393303-3	ALEPH
2394079-7	ALEPH
2394083-9	ALEPH
2394113-3	ALEPH
2396370-0	ALEPH
239643-9	ALEPH
239691-9	ALEPH
239692-0	ALEPH
240089-3	ALEPH
240100-9	ALEPH
240134-4	ALEPH
240214-2	ALEPH
240258-0	ALEPH
240348-1	ALEPH
240383-3	ALEPH
240384-5	ALEPH
240527-1	ALEPH
2405460-4	ALEPH
240751-6	ALEPH
240753-X	ALEPH
2407992-3	ALEPH
240917-3	ALEPH
240918-5	ALEPH
2410142-4	ALEPH
2411565-4	ALEPH
2412726-7	ALEPH
241312-7	ALEPH
241318-8	ALEPH
241352-8	ALEPH
2415244-4	ALEPH
2416584-0	ALEPH
2419-3	ALEPH
2419628-9	ALEPH
2420393-2	ALEPH
242235-9	ALEPH
2434063-7	ALEPH
243419-2	ALEPH
243432-5	ALEPH
243436-2	ALEPH
2435199-4	ALEPH
244017-9	ALEPH
244018-0	ALEPH
2441782-8	ALEPH
244425-2	ALEPH
2444444-3	ALEPH
244783-6	ALEPH
244900-6	ALEPH
2451462-7	ALEPH
2454709-8	ALEPH
2457615-3	ALEPH
2458237-2	ALEPH
2463958-8	ALEPH
2471227-9	ALEPH
2472-7	ALEPH
2475844-9	ALEPH
2476212-X	ALEPH
2476227-1	ALEPH
2477921-0	ALEPH
2483625-4	ALEPH
2484941-8	ALEPH
2484948-0	ALEPH
2488811-4	ALEPH
2488818-7	ALEPH
2493364-8	ALEPH
2496320-3	ALEPH
2501864-4	ALEPH
2507150-6	ALEPH
2512-4	ALEPH
2512929-6	ALEPH
2524745-1	ALEPH
2527004-7	ALEPH
2527277-9	ALEPH
2532-X	ALEPH
2534-3	ALEPH
253721-7	ALEPH
2538389-9	ALEPH
2540358-8	ALEPH
2541228-0	ALEPH
2544483-9	ALEPH
2544499-2	ALEPH
2544507-8	ALEPH
2544648-4	ALEPH
2544652-6	ALEPH
2544655-1	ALEPH
254684-X	ALEPH
254776-4	ALEPH
254847-1	ALEPH
2549119-2	ALEPH
2557176-X	ALEPH
2558489-3	ALEPH
25610-9	ALEPH
2565028-2	ALEPH
2573787-9	ALEPH
2574244-9	ALEPH
2577469-4	ALEPH
2577584-4	ALEPH
257967-4	ALEPH
2582747-9	ALEPH
2584773-9	ALEPH
2584774-0	ALEPH
2591-4	ALEPH
2593-8	ALEPH
2596099-4	ALEPH
2596874-9	ALEPH
2598240-0	ALEPH
2601647-3	ALEPH
2602403-2	ALEPH
2606130-2	ALEPH
2613595-4	ALEPH
2617-7	ALEPH
261796-1	ALEPH
261804-7	ALEPH
2620-7	ALEPH
2630-X	ALEPH
2630460-0	ALEPH
2631-1	ALEPH
2633390-9	ALEPH
2634426-9	ALEPH
2634456-7	ALEPH
2638741-4	ALEPH
2639833-3	ALEPH
2640025-X	ALEPH
2640030-3	ALEPH
264313-3	ALEPH
2643886-0	ALEPH
2647113-9	ALEPH
2648-7	ALEPH
2652-9	ALEPH
2653115-X	ALEPH
2653398-4	ALEPH
2654-2	ALEPH
2656507-9	ALEPH
2657-8	ALEPH
2659507-2	ALEPH
2659541-2	ALEPH
2672249-5	ALEPH
2674-8	ALEPH
2674145-3	ALEPH
2676-1	ALEPH
2682924-1	ALEPH
2692169-8	ALEPH
2692822-X	ALEPH
2694149-1	ALEPH
2695147-2	ALEPH
2695925-2	ALEPH
2696-7	ALEPH
2700933-6	ALEPH
2701096-X	ALEPH
2705946-7	ALEPH
2712392-3	ALEPH
2713737-5	ALEPH
2717223-5	ALEPH
2719033-X	ALEPH
2722826-5	ALEPH
2722924-5	ALEPH
2723790-4	ALEPH
2725-X	ALEPH
2725337-5	ALEPH
2726-1	ALEPH
272729-8	ALEPH
2731313-X	ALEPH
2732720-6	ALEPH
2733523-9	ALEPH
2734719-9	ALEPH
2735398-9	ALEPH
2737797-0	ALEPH
2743930-6	ALEPH
2746304-7	ALEPH
2755916-6	ALEPH
2757059-9	ALEPH
2758511-6	ALEPH
2762609-X	ALEPH
2763333-0	ALEPH
2771556-5	ALEPH
2772699-X	ALEPH
2777875-7	ALEPH
2778970-6	ALEPH
2784176-5	ALEPH
2784343-9	ALEPH
2797853-9	ALEPH
2797981-7	ALEPH
2799318-8	ALEPH
280002-0	ALEPH
2800165-5	ALEPH
2800297-0	ALEPH
2801026-7	ALEPH
2804278-5	ALEPH
2806762-9	ALEPH
2809205-3	ALEPH
2809263-6	ALEPH
2811667-7	ALEPH
281646-5	ALEPH
2818149-9	ALEPH
2818293-5	ALEPH
2819836-0	ALEPH
2822095-X	ALEPH
2823726-2	ALEPH
2824804-1	ALEPH
282782-7	ALEPH
282799-2	ALEPH
2830424-X	ALEPH
2833502-8	ALEPH
2834004-8	ALEPH
2834146-6	ALEPH
283735-3	ALEPH
2837549-X	ALEPH
2842016-0	ALEPH
2846481-3	ALEPH
2847546-X	ALEPH
2847550-1	ALEPH
2848132-X	ALEPH
2848141-0	ALEPH
2848939-1	ALEPH
2849034-4	ALEPH
2849201-8	ALEPH
2849245-6	ALEPH
2849919-0	ALEPH
2850231-0	ALEPH
2850694-7	ALEPH
2853160-7	ALEPH
2856445-5	ALEPH
2857944-6	ALEPH
2859609-2	ALEPH
2868323-7	ALEPH
2871607-3	ALEPH
2875949-7	ALEPH
2877555-7	ALEPH
288-4	ALEPH
2882-4	ALEPH
2882153-1	ALEPH
2889395-5	ALEPH
2890013-3	ALEPH
2891624-4	ALEPH
2892069-7	ALEPH
2894635-2	ALEPH
2899064-X	ALEPH
2901326-4	ALEPH
2909277-2	ALEPH
2910057-4	ALEPH
2910584-5	ALEPH
2918323-6	ALEPH
2923065-2	ALEPH
2923888-2	ALEPH
2927387-0	ALEPH
2929547-6	ALEPH
2940538-5	ALEPH
2941764-8	ALEPH
2943216-9	ALEPH
2944915-7	ALEPH
2945937-0	ALEPH
2950929-4	ALEPH
2952664-4	ALEPH
2952752-1	ALEPH
2952846-X	ALEPH
2952849-5	ALEPH
2960183-6	ALEPH
2963780-6	ALEPH
2968133-9	ALEPH
2968148-0	ALEPH
2970633-6	ALEPH
2972447-8	ALEPH
2973010-7	ALEPH
2973471-X	ALEPH
2976632-1	ALEPH
2976640-0	ALEPH
2978684-8	ALEPH
2980739-6	ALEPH
2981169-7	ALEPH
2981173-9	ALEPH
2982966-5	ALEPH
2983585-9	ALEPH
2998452-X	ALEPH
300116-7	ALEPH
300198-2	ALEPH
300199-4	ALEPH
300345-0	ALEPH
3005541-6	ALEPH
3008805-7	ALEPH
3011376-3	ALEPH
3012705-1	ALEPH
3015247-1	ALEPH
3015433-9	ALEPH
3016472-2	ALEPH
3017868-X	ALEPH
3017890-3	ALEPH
3017894-0	ALEPH
3017895-2	ALEPH
3017896-4	ALEPH
3017897-6	ALEPH
3017900-2	ALEPH
3018036-3	ALEPH
3018159-8	ALEPH
3019620-6	ALEPH
3023017-2	ALEPH
3029752-7	ALEPH
3032213-3	ALEPH
3033808-6	ALEPH
303728-9	ALEPH
303806-3	ALEPH
3044531-0	ALEPH
3051599-3	ALEPH
3055341-6	ALEPH
3056095-0	ALEPH
3062002-8	ALEPH
3062965-2	ALEPH
3064440-9	ALEPH
3064462-8	ALEPH
3064475-6	ALEPH
3064490-2	ALEPH
3064511-6	ALEPH
3064623-6	ALEPH
3064632-7	ALEPH
3064640-6	ALEPH
3064662-5	ALEPH
3064670-4	ALEPH
3067210-7	ALEPH
3067217-X	ALEPH
3067236-3	ALEPH
3067259-4	ALEPH
3067779-8	ALEPH
307243-5	ALEPH
3073581-6	ALEPH
3076285-6	ALEPH
3076345-9	ALEPH
3076355-1	ALEPH
3076379-4	ALEPH
3076454-3	ALEPH
3076459-2	ALEPH
3076493-2	ALEPH
3076501-8	ALEPH
3076512-2	ALEPH
3076523-7	ALEPH
3076539-0	ALEPH
3076542-0	ALEPH
3076605-9	ALEPH
3076613-8	ALEPH
3076632-1	ALEPH
3076649-7	ALEPH
3076765-9	ALEPH
3076772-6	ALEPH
3076782-9	ALEPH
3076793-3	ALEPH
3076842-1	ALEPH
3076869-X	ALEPH
3076905-X	ALEPH
3076916-4	ALEPH
3077047-6	ALEPH
3077217-5	ALEPH
3077254-0	ALEPH
3077283-7	ALEPH
3077296-5	ALEPH
3077364-7	ALEPH
3077372-6	ALEPH
3077411-1	ALEPH
3077433-0	ALEPH
3077436-6	ALEPH
3077530-9	ALEPH
3077537-1	ALEPH
3077548-6	ALEPH
3077560-7	ALEPH
3077580-2	ALEPH
3077588-7	ALEPH
3077629-6	ALEPH
3077637-5	ALEPH
3077655-7	ALEPH
3077707-0	ALEPH
3077714-8	ALEPH
3077735-5	ALEPH
3077773-2	ALEPH
3077781-1	ALEPH
3077793-8	ALEPH
3077826-8	ALEPH
3077849-9	ALEPH
3077853-0	ALEPH
3077872-4	ALEPH
3077916-9	ALEPH
3077926-1	ALEPH
3077934-0	ALEPH
3077949-2	ALEPH
3077958-3	ALEPH
3077983-2	ALEPH
3078002-0	ALEPH
3078030-5	ALEPH
3078039-1	ALEPH
3078080-9	ALEPH
3078100-0	ALEPH
3078137-1	ALEPH
3078146-2	ALEPH
3078150-4	ALEPH
3078441-4	ALEPH
3078507-8	ALEPH
3078607-1	ALEPH
308637-9	ALEPH
3091558-2	ALEPH
3092261-6	ALEPH
3092287-2	ALEPH
3092296-3	ALEPH
3092301-3	ALEPH
3092311-6	ALEPH
3092344-X	ALEPH
3092365-7	ALEPH
3092390-6	ALEPH
3092405-4	ALEPH
3092419-4	ALEPH
3092422-4	ALEPH
3092464-9	ALEPH
3092471-6	ALEPH
3092472-8	ALEPH
3092491-1	ALEPH
3092501-0	ALEPH
3092507-1	ALEPH
3092548-4	ALEPH
3092726-2	ALEPH
3092730-4	ALEPH
3092751-1	ALEPH
3092766-3	ALEPH
3092769-9	ALEPH
3092776-6	ALEPH
3092866-7	ALEPH
3092900-3	ALEPH
3092922-2	ALEPH
3092953-2	ALEPH
3092967-2	ALEPH
3093008-X	ALEPH
3093029-7	ALEPH
3093037-6	ALEPH
3093048-0	ALEPH
3093075-3	ALEPH
3093081-9	ALEPH
3093086-8	ALEPH
3093095-9	ALEPH
3093098-4	ALEPH
3093258-0	ALEPH
3093260-9	ALEPH
3093265-8	ALEPH
3093270-1	ALEPH
3093272-5	ALEPH
3093281-6	ALEPH
3093284-1	ALEPH
3093297-X	ALEPH
3093302-X	ALEPH
3093311-0	ALEPH
3093317-1	ALEPH
3093348-1	ALEPH
3093355-9	ALEPH
3093371-7	ALEPH
3093373-0	ALEPH
3093410-2	ALEPH
3093415-1	ALEPH
3093421-7	ALEPH
3093426-6	ALEPH
3093429-1	ALEPH
3093446-1	ALEPH
3093451-5	ALEPH
3093461-8	ALEPH
3093480-1	ALEPH
3093486-2	ALEPH
3093487-4	ALEPH
3093518-0	ALEPH
3093521-0	ALEPH
3093530-1	ALEPH
3093539-8	ALEPH
3093544-1	ALEPH
3093562-3	ALEPH
3093570-2	ALEPH
3093576-3	ALEPH
3093609-3	ALEPH
3093614-7	ALEPH
3093630-5	ALEPH
3093632-9	ALEPH
3093657-3	ALEPH
3093662-7	ALEPH
3093664-0	ALEPH
3093666-4	ALEPH
3093671-8	ALEPH
3093704-8	ALEPH
3093707-3	ALEPH
3093871-5	ALEPH
3093880-6	ALEPH
3093884-3	ALEPH
3093908-2	ALEPH
3093924-0	ALEPH
3093964-1	ALEPH
3093967-7	ALEPH
3093970-7	ALEPH
3093973-2	ALEPH
3093977-X	ALEPH
3093984-7	ALEPH
3093993-8	ALEPH
3093999-9	ALEPH
3094003-5	ALEPH
3094285-8	ALEPH
3094292-5	ALEPH
3094298-6	ALEPH
3094326-7	ALEPH
3094329-2	ALEPH
3094332-2	ALEPH
3094338-3	ALEPH
3094341-3	ALEPH
3094394-2	ALEPH
3094402-8	ALEPH
3094409-0	ALEPH
3094421-1	ALEPH
3094430-2	ALEPH
3094447-8	ALEPH
3094453-3	ALEPH
3097204-8	ALEPH
3097212-7	ALEPH
3097215-2	ALEPH
3097224-3	ALEPH
3097228-0	ALEPH
3097230-9	ALEPH
3097241-3	ALEPH
3097255-3	ALEPH
3097262-0	ALEPH
3097278-4	ALEPH
3097293-0	ALEPH
3097296-6	ALEPH
3097358-2	ALEPH
3097511-6	ALEPH
3097512-8	ALEPH
3097513-X	ALEPH
3097521-9	ALEPH
3097552-9	ALEPH
3097560-8	ALEPH
3097566-9	ALEPH
3097588-8	ALEPH
3097594-3	ALEPH
3097601-7	ALEPH
3097632-7	ALEPH
3097649-2	ALEPH
3097656-X	ALEPH
3097685-6	ALEPH
3097699-6	ALEPH
3097715-0	ALEPH
3097743-5	ALEPH
3097767-8	ALEPH
3097832-4	ALEPH
3097838-5	ALEPH
3097854-3	ALEPH
3097855-5	ALEPH
3099281-3	ALEPH
3099295-3	ALEPH
3099305-2	ALEPH
3099337-4	ALEPH
3099339-8	ALEPH
3099342-8	ALEPH
3099352-0	ALEPH
3099357-X	ALEPH
3099413-5	ALEPH
3099415-9	ALEPH
3099418-4	ALEPH
3099436-6	ALEPH
3099448-2	ALEPH
3099454-8	ALEPH
3099508-5	ALEPH
3099517-6	ALEPH
3099537-1	ALEPH
3099539-5	ALEPH
3099606-5	ALEPH
3099610-7	ALEPH
3099624-7	ALEPH
3099639-9	ALEPH
3099676-4	ALEPH
3099683-1	ALEPH
3099698-3	ALEPH
3099709-4	ALEPH
3099714-8	ALEPH
3099726-4	ALEPH
3099791-4	ALEPH
3099807-4	ALEPH
3099814-1	ALEPH
3099858-X	ALEPH
3099863-3	ALEPH
3099878-5	ALEPH
3099887-6	ALEPH
3099894-3	ALEPH
3099936-4	ALEPH
3099949-2	ALEPH
3099962-5	ALEPH
3099966-2	ALEPH
3099981-9	ALEPH
3100021-6	ALEPH
3100106-3	ALEPH
3100127-0	ALEPH
3100144-0	ALEPH
3100148-8	ALEPH
3100176-2	ALEPH
3100263-8	ALEPH
3100283-3	ALEPH
3100292-4	ALEPH
3100324-2	ALEPH
3100349-7	ALEPH
3100353-9	ALEPH
3100370-9	ALEPH
3100434-9	ALEPH
3100439-8	ALEPH
3100457-X	ALEPH
3100469-6	ALEPH
3100541-X	ALEPH
3100552-4	ALEPH
3100834-3	ALEPH
3100860-4	ALEPH
3100969-4	ALEPH
3100977-3	ALEPH
3100985-2	ALEPH
3100990-6	ALEPH
3100997-9	ALEPH
3101026-X	ALEPH
3101034-9	ALEPH
3101044-1	ALEPH
3101050-7	ALEPH
3101059-3	ALEPH
3101102-0	ALEPH
3101106-8	ALEPH
3101148-2	ALEPH
3101169-X	ALEPH
3101192-5	ALEPH
3101216-4	ALEPH
3101219-X	ALEPH
3101249-8	ALEPH
3101259-0	ALEPH
3101272-3	ALEPH
3101310-7	ALEPH
3101329-6	ALEPH
3101949-3	ALEPH
3105654-4	ALEPH
3108530-1	ALEPH
3110171-9	ALEPH
3110209-8	ALEPH
311086-2	ALEPH
3112247-4	ALEPH
3113652-7	ALEPH
3113677-1	ALEPH
3113772-6	ALEPH
3113790-8	ALEPH
3113798-2	ALEPH
3113816-0	ALEPH
3113851-2	ALEPH
3114022-1	ALEPH
3114033-6	ALEPH
3114040-3	ALEPH
3114045-2	ALEPH
3114114-6	ALEPH
3115075-5	ALEPH
3115176-0	ALEPH
3115190-5	ALEPH
3115194-2	ALEPH
3115204-1	ALEPH
3115323-9	ALEPH
3115331-8	ALEPH
3115348-3	ALEPH
3115354-9	ALEPH
3115376-8	ALEPH
3115503-0	ALEPH
3115511-X	ALEPH
3115516-9	ALEPH
3115927-8	ALEPH
3116057-8	ALEPH
3116214-9	ALEPH
3116216-2	ALEPH
3116220-4	ALEPH
3116236-8	ALEPH
3116254-X	ALEPH
3116259-9	ALEPH
3116261-7	ALEPH
3116352-X	ALEPH
3116361-0	ALEPH
3116366-X	ALEPH
3116376-2	ALEPH
3116385-3	ALEPH
3116435-3	ALEPH
3116441-9	ALEPH
3116449-3	ALEPH
3116457-2	ALEPH
3116464-X	ALEPH
3116481-X	ALEPH
3116563-1	ALEPH
3116568-0	ALEPH
3116637-4	ALEPH
3116645-3	ALEPH
3116646-5	ALEPH
3116666-0	ALEPH
3116672-6	ALEPH
3116675-1	ALEPH
3116680-5	ALEPH
3116896-6	ALEPH
3116904-1	ALEPH
3116943-0	ALEPH
3117026-2	ALEPH
3117030-4	ALEPH
3117036-5	ALEPH
3117053-5	ALEPH
3117067-5	ALEPH
3117069-9	ALEPH
3117209-X	ALEPH
3117214-3	ALEPH
3117221-0	ALEPH
3117229-5	ALEPH
3117242-8	ALEPH
3117245-3	ALEPH
3117251-9	ALEPH
3117262-3	ALEPH
3117347-0	ALEPH
3117349-4	ALEPH
3117359-7	ALEPH
3117364-0	ALEPH
3117367-6	ALEPH
3117369-X	ALEPH
3117606-9	ALEPH
3117617-3	ALEPH
3117633-1	ALEPH
3117643-4	ALEPH
3117650-1	ALEPH
3117657-4	ALEPH
3117731-1	ALEPH
3117732-3	ALEPH
3117735-9	ALEPH
3117740-2	ALEPH
3117757-8	ALEPH
3117768-2	ALEPH
3117777-3	ALEPH
3117897-2	ALEPH
3117901-0	ALEPH
3117907-1	ALEPH
3117914-9	ALEPH
3118034-6	ALEPH
3118042-5	ALEPH
3118050-4	ALEPH
311827-7	ALEPH
3119675-5	ALEPH
3120246-9	ALEPH
3120264-0	ALEPH
3120269-X	ALEPH
3120506-9	ALEPH
3120509-4	ALEPH
3120627-X	ALEPH
3120748-0	ALEPH
3120758-3	ALEPH
3120784-4	ALEPH
3121176-8	ALEPH
3121189-6	ALEPH
3121195-1	ALEPH
3121207-4	ALEPH
3121212-8	ALEPH
3121276-1	ALEPH
3121291-8	ALEPH
3121299-2	ALEPH
3121321-2	ALEPH
3121325-X	ALEPH
3121337-6	ALEPH
3121344-3	ALEPH
3121448-4	ALEPH
3121451-4	ALEPH
3121459-9	ALEPH
3121462-9	ALEPH
3121477-0	ALEPH
3121819-2	ALEPH
3121824-6	ALEPH
3121828-3	ALEPH
3121839-8	ALEPH
3121855-6	ALEPH
3121861-1	ALEPH
3121917-2	ALEPH
3121918-4	ALEPH
3121922-6	ALEPH
3121923-8	ALEPH
3121925-1	ALEPH
3121927-5	ALEPH
3121933-0	ALEPH
3121938-X	ALEPH
3121945-7	ALEPH
3122225-0	ALEPH
3122231-6	ALEPH
3122232-8	ALEPH
3122235-3	ALEPH
3122242-0	ALEPH
3122262-6	ALEPH
3122365-5	ALEPH
3122377-1	ALEPH
3122454-4	ALEPH
3122461-1	ALEPH
3122473-8	ALEPH
3122733-8	ALEPH
3122735-1	ALEPH
3122742-9	ALEPH
3122746-6	ALEPH
3122751-X	ALEPH
3122754-5	ALEPH
3122761-2	ALEPH
3122767-3	ALEPH
3122860-4	ALEPH
3122864-1	ALEPH
3122876-8	ALEPH
3122881-1	ALEPH
3122886-0	ALEPH
3122904-9	ALEPH
3123030-1	ALEPH
3123106-8	ALEPH
3123107-X	ALEPH
3123110-X	ALEPH
3123128-7	ALEPH
3123142-1	ALEPH
3123405-7	ALEPH
3123411-2	ALEPH
3123820-8	ALEPH
3123841-5	ALEPH
3123863-4	ALEPH
3123882-8	ALEPH
3128619-7	ALEPH
3129662-2	ALEPH
3129671-3	ALEPH
3129686-5	ALEPH
3129761-4	ALEPH
3129832-1	ALEPH
3130059-5	ALEPH
3130065-0	ALEPH
3130091-1	ALEPH
3130207-5	ALEPH
3130224-5	ALEPH
3130249-X	ALEPH
3130285-3	ALEPH
3130342-0	ALEPH
3130713-9	ALEPH
3130719-X	ALEPH
3130738-3	ALEPH
3130743-7	ALEPH
3130751-6	ALEPH
3135100-1	ALEPH
3135197-9	ALEPH
3135203-0	ALEPH
3135218-2	ALEPH
3135288-1	ALEPH
3135301-0	ALEPH
3135317-4	ALEPH
3135416-6	ALEPH
3135437-3	ALEPH
3135450-6	ALEPH
3135469-5	ALEPH
3135477-4	ALEPH
3135845-7	ALEPH
3137053-6	ALEPH
3137056-1	ALEPH
3137065-2	ALEPH
3137124-3	ALEPH
3137127-9	ALEPH
3137563-7	ALEPH
3137566-2	ALEPH
3137575-3	ALEPH
3137581-9	ALEPH
3140014-0	ALEPH
3147818-9	ALEPH
3149061-X	ALEPH
3149423-7	ALEPH
3155575-5	ALEPH
3159623-X	ALEPH
3160856-5	ALEPH
3162830-8	ALEPH
3162833-3	ALEPH
3162843-6	ALEPH
3162852-7	ALEPH
3162865-5	ALEPH
3162875-8	ALEPH
3163034-0	ALEPH
3163271-3	ALEPH
3163273-7	ALEPH
3163337-7	ALEPH
3163341-9	ALEPH
3163350-X	ALEPH
3163385-7	ALEPH
3163485-0	ALEPH
3163501-5	ALEPH
3163509-X	ALEPH
3163689-5	ALEPH
3163691-3	ALEPH
3163695-0	ALEPH
3163781-4	ALEPH
3163807-7	ALEPH
3163862-4	ALEPH
3163866-1	ALEPH
3163868-5	ALEPH
3163878-8	ALEPH
3163881-8	ALEPH
3163887-9	ALEPH
3163892-2	ALEPH
3166241-9	ALEPH
3166331-X	ALEPH
3166342-4	ALEPH
3166348-5	ALEPH
3166472-6	ALEPH
3166476-3	ALEPH
3166480-5	ALEPH
3166700-4	ALEPH
3167023-4	ALEPH
3167485-9	ALEPH
3167576-1	ALEPH
3169536-X	ALEPH
3169640-5	ALEPH
3169646-6	ALEPH
3169656-9	ALEPH
3169660-0	ALEPH
3169845-1	ALEPH
3169848-7	ALEPH
3169854-2	ALEPH
3169857-8	ALEPH
3169958-3	ALEPH
3169970-4	ALEPH
3170037-8	ALEPH
3170051-2	ALEPH
3170303-3	ALEPH
3170308-2	ALEPH
3170312-4	ALEPH
3170317-3	ALEPH
3170435-9	ALEPH
3170437-2	ALEPH
3170445-1	ALEPH
3170450-5	ALEPH
3185-9	ALEPH
3186919-1	ALEPH
320187-9	ALEPH
320275-6	ALEPH
320282-3	ALEPH
320906-4	ALEPH
32481-4	ALEPH
3256-6	ALEPH
3259-1	ALEPH
3283-9	ALEPH
330182-5	ALEPH
331250-1	ALEPH
331259-8	ALEPH
331402-9	ALEPH
3338-8	ALEPH
33487-X	ALEPH
33914-3	ALEPH
33968-4	ALEPH
340326-9	ALEPH
3414-9	ALEPH
342270-7	ALEPH
343104-6	ALEPH
344046-1	ALEPH
344049-7	ALEPH
344050-3	ALEPH
344052-7	ALEPH
345655-9	ALEPH
347713-7	ALEPH
349351-9	ALEPH
349352-0	ALEPH
349379-9	ALEPH
350281-8	ALEPH
350547-9	ALEPH
350963-1	ALEPH
352237-4	ALEPH
352551-X	ALEPH
353709-2	ALEPH
355426-0	ALEPH
355999-3	ALEPH
3633-X	ALEPH
3687-0	ALEPH
380103-2	ALEPH
381046-X	ALEPH
381047-1	ALEPH
3813-1	ALEPH
3839-8	ALEPH
400058-4	ALEPH
400067-5	ALEPH
400092-4	ALEPH
400093-6	ALEPH
400095-X	ALEPH
400096-1	ALEPH
400098-5	ALEPH
400140-0	ALEPH
400161-8	ALEPH
400264-7	ALEPH
400266-0	ALEPH
400270-2	ALEPH
400291-X	ALEPH
400292-1	ALEPH
400327-5	ALEPH
400332-9	ALEPH
400338-X	ALEPH
400346-9	ALEPH
400354-8	ALEPH
400356-1	ALEPH
400357-3	ALEPH
400381-0	ALEPH
400385-8	ALEPH
400401-2	ALEPH
400402-4	ALEPH
400409-7	ALEPH
400421-8	ALEPH
400449-8	ALEPH
400457-7	ALEPH
400463-2	ALEPH
400469-3	ALEPH
400505-3	ALEPH
400645-8	ALEPH
400775-X	ALEPH
400836-4	ALEPH
400853-4	ALEPH
400955-1	ALEPH
40133-X	ALEPH
401332-3	ALEPH
401342-6	ALEPH
401343-8	ALEPH
401346-3	ALEPH
401450-9	ALEPH
401462-5	ALEPH
401470-4	ALEPH
401565-4	ALEPH
401761-4	ALEPH
401765-1	ALEPH
401768-7	ALEPH
401837-0	ALEPH
401924-6	ALEPH
401938-6	ALEPH
401977-5	ALEPH
401986-6	ALEPH
402000-5	ALEPH
402164-2	ALEPH
402229-4	ALEPH
402230-0	ALEPH
402232-4	ALEPH
402233-6	ALEPH
402236-1	ALEPH
402237-3	ALEPH
402273-7	ALEPH
402274-9	ALEPH
402275-0	ALEPH
402276-2	ALEPH
402277-4	ALEPH
402378-X	ALEPH
402379-1	ALEPH
402389-4	ALEPH
402390-0	ALEPH
402418-7	ALEPH
402435-7	ALEPH
402444-8	ALEPH
402507-6	ALEPH
402508-8	ALEPH
402509-X	ALEPH
402516-7	ALEPH
402518-0	ALEPH
402612-3	ALEPH
402621-4	ALEPH
402713-9	ALEPH
402855-7	ALEPH
404215-3	ALEPH
404216-5	ALEPH
404395-9	ALEPH
404688-2	ALEPH
404692-4	ALEPH
404992-5	ALEPH
404994-9	ALEPH
405434-9	ALEPH
406003-9	ALEPH
406137-8	ALEPH
406139-1	ALEPH
408191-2	ALEPH
4083-6	ALEPH
408480-9	ALEPH
40891-8	ALEPH
409434-7	ALEPH
41016-0	ALEPH
41259-4	ALEPH
41269-7	ALEPH
412973-8	ALEPH
41530-3	ALEPH
41601-0	ALEPH
428-5	ALEPH
43230-1	ALEPH
43354-8	ALEPH
43370-6	ALEPH
43406-1	ALEPH
4371-0	ALEPH
4374-6	ALEPH
43964-2	ALEPH
452-2	ALEPH
466-2	ALEPH
469-8	ALEPH
4695-4	ALEPH
471-6	ALEPH
4873-2	ALEPH
4885-9	ALEPH
500115-8	ALEPH
500248-5	ALEPH
500249-7	ALEPH
500250-3	ALEPH
500256-4	ALEPH
500258-8	ALEPH
500338-6	ALEPH
500420-2	ALEPH
500823-2	ALEPH
500824-4	ALEPH
500972-8	ALEPH
501074-3	ALEPH
501099-8	ALEPH
501101-2	ALEPH
501141-3	ALEPH
501154-1	ALEPH
501173-5	ALEPH
501199-1	ALEPH
501222-3	ALEPH
501272-7	ALEPH
501389-6	ALEPH
501431-1	ALEPH
501470-0	ALEPH
501586-8	ALEPH
501592-3	ALEPH
502187-X	ALEPH
502195-9	ALEPH
502406-7	ALEPH
502414-6	ALEPH
502415-8	ALEPH
502846-2	ALEPH
503523-5	ALEPH
504-6	ALEPH
504349-9	ALEPH
504362-1	ALEPH
504363-3	ALEPH
504440-6	ALEPH
504463-7	ALEPH
504471-6	ALEPH
504479-0	ALEPH
504494-7	ALEPH
504495-9	ALEPH
504686-5	ALEPH
504809-6	ALEPH
504858-8	ALEPH
504989-1	ALEPH
505-8	ALEPH
505026-1	ALEPH
505027-3	ALEPH
505292-0	ALEPH
505748-6	ALEPH
505756-5	ALEPH
505764-4	ALEPH
505787-5	ALEPH
506087-4	ALEPH
506088-6	ALEPH
506167-2	ALEPH
506284-6	ALEPH
506435-1	ALEPH
506460-0	ALEPH
506730-3	ALEPH
506731-5	ALEPH
506732-7	ALEPH
506733-9	ALEPH
506804-6	ALEPH
506955-5	ALEPH
506998-1	ALEPH
507054-5	ALEPH
507312-1	ALEPH
507321-2	ALEPH
507704-7	ALEPH
507722-9	ALEPH
507725-4	ALEPH
507929-9	ALEPH
507963-9	ALEPH
507964-0	ALEPH
509001-5	ALEPH
510196-7	ALEPH
510205-4	ALEPH
510208-X	ALEPH
510209-1	ALEPH
510300-9	ALEPH
510303-4	ALEPH
510304-6	ALEPH
510309-5	ALEPH
510331-9	ALEPH
510361-7	ALEPH
510463-4	ALEPH
511049-X	ALEPH
511050-6	ALEPH
511051-8	ALEPH
511052-X	ALEPH
511524-3	ALEPH
511688-0	ALEPH
511696-X	ALEPH
511909-1	ALEPH
512063-9	ALEPH
512100-0	ALEPH
512116-4	ALEPH
512124-3	ALEPH
512307-0	ALEPH
512308-2	ALEPH
512484-0	ALEPH
512882-1	ALEPH
512953-9	ALEPH
512956-4	ALEPH
513042-6	ALEPH
513091-8	ALEPH
513093-1	ALEPH
513569-2	ALEPH
513652-0	ALEPH
513709-3	ALEPH
513717-2	ALEPH
513863-2	ALEPH
513864-4	ALEPH
513873-5	ALEPH
513874-7	ALEPH
513875-9	ALEPH
514255-6	ALEPH
514273-8	ALEPH
514548-X	ALEPH
514556-9	ALEPH
514564-8	ALEPH
514631-8	ALEPH
514632-X	ALEPH
514740-2	ALEPH
514921-6	ALEPH
514938-1	ALEPH
514961-7	ALEPH
514962-9	ALEPH
515049-8	ALEPH
515050-4	ALEPH
515051-6	ALEPH
515052-8	ALEPH
515663-4	ALEPH
515849-7	ALEPH
5160-3	ALEPH
516714-0	ALEPH
516766-8	ALEPH
5170-6	ALEPH
517305-X	ALEPH
517313-9	ALEPH
517315-2	ALEPH
517331-0	ALEPH
517723-6	ALEPH
517743-1	ALEPH
517753-4	ALEPH
517767-4	ALEPH
517775-3	ALEPH
517893-9	ALEPH
518013-2	ALEPH
518140-9	ALEPH
518429-0	ALEPH
518613-4	ALEPH
518851-9	ALEPH
519153-1	ALEPH
519491-X	ALEPH
519726-0	ALEPH
519938-4	ALEPH
520034-9	ALEPH
520092-1	ALEPH
520098-2	ALEPH
520371-5	ALEPH
520529-3	ALEPH
520689-3	ALEPH
520690-X	ALEPH
520691-1	ALEPH
521076-8	ALEPH
521091-4	ALEPH
521278-9	ALEPH
521405-1	ALEPH
521515-8	ALEPH
521673-4	ALEPH
521701-5	ALEPH
521712-X	ALEPH
525131-X	ALEPH
525187-4	ALEPH
525444-9	ALEPH
525584-3	ALEPH
527-7	ALEPH
527038-8	ALEPH
527293-2	ALEPH
527500-3	ALEPH
527506-4	ALEPH
527679-2	ALEPH
527695-0	ALEPH
527806-5	ALEPH
527868-5	ALEPH
527870-3	ALEPH
528076-X	ALEPH
528263-9	ALEPH
528264-0	ALEPH
528326-7	ALEPH
528864-2	ALEPH
529142-2	ALEPH
529162-8	ALEPH
529404-6	ALEPH
529487-3	ALEPH
529578-6	ALEPH
529654-7	ALEPH
529682-1	ALEPH
529764-3	ALEPH
529772-2	ALEPH
530054-X	ALEPH
530069-1	ALEPH
530073-3	ALEPH
530105-1	ALEPH
530153-1	ALEPH
530733-8	ALEPH
531064-7	ALEPH
5314-4	ALEPH
531442-2	ALEPH
531450-1	ALEPH
531518-9	ALEPH
531691-1	ALEPH
531796-4	ALEPH
531942-0	ALEPH
532125-6	ALEPH
532303-4	ALEPH
532398-8	ALEPH
532547-X	ALEPH
532706-4	ALEPH
532956-5	ALEPH
532978-4	ALEPH
533102-X	ALEPH
533272-2	ALEPH
533536-X	ALEPH
534023-8	ALEPH
534067-6	ALEPH
534147-4	ALEPH
534173-5	ALEPH
534297-1	ALEPH
534742-7	ALEPH
534858-4	ALEPH
535895-4	ALEPH
536031-6	ALEPH
536392-5	ALEPH
536444-9	ALEPH
536586-7	ALEPH
537081-4	ALEPH
537296-3	ALEPH
537311-6	ALEPH
537700-6	ALEPH
538343-2	ALEPH
538391-2	ALEPH
538405-9	ALEPH
538780-2	ALEPH
538782-6	ALEPH
538866-1	ALEPH
538883-1	ALEPH
538884-3	ALEPH
538890-9	ALEPH
538891-0	ALEPH
538904-5	ALEPH
538921-5	ALEPH
539039-4	ALEPH
539129-5	ALEPH
539277-9	ALEPH
539365-6	ALEPH
539371-1	ALEPH
539373-5	ALEPH
539439-9	ALEPH
539539-2	ALEPH
539850-2	ALEPH
540262-1	ALEPH
540264-5	ALEPH
540569-5	ALEPH
540572-5	ALEPH
540574-9	ALEPH
540576-2	ALEPH
540586-5	ALEPH
540992-5	ALEPH
541116-6	ALEPH
541217-1	ALEPH
541218-3	ALEPH
541850-1	ALEPH
542096-9	ALEPH
542100-7	ALEPH
542101-9	ALEPH
542102-0	ALEPH
542103-2	ALEPH
542104-4	ALEPH
542105-6	ALEPH
542138-X	ALEPH
542460-4	ALEPH
542492-6	ALEPH
542495-1	ALEPH
542519-0	ALEPH
542587-6	ALEPH
542756-3	ALEPH
542787-3	ALEPH
542966-3	ALEPH
543602-3	ALEPH
543603-5	ALEPH
543782-9	ALEPH
544318-0	ALEPH
544395-7	ALEPH
544397-0	ALEPH
544880-3	ALEPH
544881-5	ALEPH
545561-3	ALEPH
545592-3	ALEPH
545653-8	ALEPH
545688-5	ALEPH
545689-7	ALEPH
545716-6	ALEPH
545798-1	ALEPH
545843-2	ALEPH
546013-X	ALEPH
546313-0	ALEPH
5465-3	ALEPH
546582-5	ALEPH
546658-1	ALEPH
5471-9	ALEPH
547260-X	ALEPH
547267-2	ALEPH
547390-1	ALEPH
547525-9	ALEPH
547771-2	ALEPH
548314-1	ALEPH
548701-8	ALEPH
549321-3	ALEPH
550219-6	ALEPH
550362-0	ALEPH
550393-0	ALEPH
550899-X	ALEPH
551094-6	ALEPH
551264-5	ALEPH
551632-8	ALEPH
551702-3	ALEPH
551951-2	ALEPH
552039-3	ALEPH
552040-X	ALEPH
552741-7	ALEPH
552742-9	ALEPH
552790-9	ALEPH
552901-3	ALEPH
552994-3	ALEPH
553289-9	ALEPH
553337-5	ALEPH
553644-3	ALEPH
554718-0	ALEPH
554748-9	ALEPH
554750-7	ALEPH
554944-9	ALEPH
555657-0	ALEPH
556-3	ALEPH
5568-2	ALEPH
557075-X	ALEPH
557077-3	ALEPH
557078-5	ALEPH
557179-0	ALEPH
557441-9	ALEPH
558114-X	ALEPH
558402-4	ALEPH
558427-9	ALEPH
558439-5	ALEPH
558550-8	ALEPH
558590-9	ALEPH
558591-0	ALEPH
558595-8	ALEPH
558751-7	ALEPH
558752-9	ALEPH
558753-0	ALEPH
558995-2	ALEPH
559000-0	ALEPH
560378-X	ALEPH
560514-3	ALEPH
560546-5	ALEPH
560721-8	ALEPH
560764-4	ALEPH
560765-6	ALEPH
560766-8	ALEPH
560780-2	ALEPH
560842-9	ALEPH
561103-9	ALEPH
561182-9	ALEPH
561221-4	ALEPH
561222-6	ALEPH
561251-2	ALEPH
561258-5	ALEPH
561354-1	ALEPH
561533-1	ALEPH
561549-5	ALEPH
561735-2	ALEPH
561910-5	ALEPH
561911-7	ALEPH
562536-1	ALEPH
562632-8	ALEPH
562963-9	ALEPH
563415-5	ALEPH
563738-7	ALEPH
564101-9	ALEPH
564186-X	ALEPH
564188-3	ALEPH
564307-7	ALEPH
565349-6	ALEPH
565576-6	ALEPH
565790-8	ALEPH
566173-0	ALEPH
566174-2	ALEPH
566187-0	ALEPH
566271-0	ALEPH
566313-1	ALEPH
566616-8	ALEPH
566794-X	ALEPH
568143-1	ALEPH
568368-3	ALEPH
568370-1	ALEPH
568943-0	ALEPH
569124-2	ALEPH
569203-9	ALEPH
569565-X	ALEPH
569566-1	ALEPH
569846-7	ALEPH
570410-8	ALEPH
570429-7	ALEPH
570855-2	ALEPH
571009-1	ALEPH
571692-5	ALEPH
571693-7	ALEPH
572038-2	ALEPH
572580-X	ALEPH
572583-5	ALEPH
572730-3	ALEPH
572915-4	ALEPH
572962-2	ALEPH
573512-9	ALEPH
573518-X	ALEPH
574028-9	ALEPH
574206-7	ALEPH
574261-4	ALEPH
574262-6	ALEPH
574269-9	ALEPH
574706-5	ALEPH
574715-6	ALEPH
575198-6	ALEPH
575259-0	ALEPH
575664-9	ALEPH
576026-4	ALEPH
576406-3	ALEPH
576413-0	ALEPH
576417-8	ALEPH
576418-X	ALEPH
576419-1	ALEPH
576420-8	ALEPH
576753-2	ALEPH
576754-4	ALEPH
577065-8	ALEPH
577105-5	ALEPH
577165-1	ALEPH
577255-2	ALEPH
577395-7	ALEPH
577396-9	ALEPH
577424-X	ALEPH
577425-1	ALEPH
577522-X	ALEPH
578070-6	ALEPH
578125-5	ALEPH
578440-2	ALEPH
578601-0	ALEPH
578603-4	ALEPH
578605-8	ALEPH
579210-1	ALEPH
579211-3	ALEPH
579290-3	ALEPH
579405-5	ALEPH
579670-2	ALEPH
579965-X	ALEPH
579966-1	ALEPH
579967-3	ALEPH
580016-X	ALEPH
580689-6	ALEPH
580976-9	ALEPH
580977-0	ALEPH
580978-2	ALEPH
581097-8	ALEPH
582625-1	ALEPH
582640-8	ALEPH
582772-3	ALEPH
584013-2	ALEPH
584562-2	ALEPH
586396-X	ALEPH
586484-7	ALEPH
590518-7	ALEPH
590619-2	ALEPH
590627-1	ALEPH
595973-1	ALEPH
597568-2	ALEPH
599188-2	ALEPH
600259-6	ALEPH
600511-1	ALEPH
600713-2	ALEPH
600955-4	ALEPH
602659-X	ALEPH
602852-4	ALEPH
602874-3	ALEPH
606635-5	ALEPH
606636-7	ALEPH
607056-5	ALEPH
607222-7	ALEPH
607320-7	ALEPH
607345-1	ALEPH
607505-8	ALEPH
608020-0	ALEPH
608045-5	ALEPH
608106-X	ALEPH
608177-0	ALEPH
608178-2	ALEPH
608288-9	ALEPH
608441-2	ALEPH
608442-4	ALEPH
608463-1	ALEPH
608612-3	ALEPH
608767-X	ALEPH
609146-5	ALEPH
609235-4	ALEPH
609244-5	ALEPH
609252-4	ALEPH
609293-7	ALEPH
609510-0	ALEPH
609583-5	ALEPH
609756-X	ALEPH
609825-3	ALEPH
609867-8	ALEPH
609905-1	ALEPH
609913-0	ALEPH
610044-2	ALEPH
610289-X	ALEPH
610309-1	ALEPH
610437-X	ALEPH
610559-2	ALEPH
610889-1	ALEPH
610900-7	ALEPH
611064-2	ALEPH
611066-6	ALEPH
611177-4	ALEPH
611255-9	ALEPH
611668-1	ALEPH
611723-5	ALEPH
611739-9	ALEPH
612134-2	ALEPH
612224-3	ALEPH
612225-5	ALEPH
612235-8	ALEPH
612312-0	ALEPH
612399-5	ALEPH
612414-8	ALEPH
612599-2	ALEPH
612751-4	ALEPH
613167-0	ALEPH
613343-5	ALEPH
613412-9	ALEPH
613802-0	ALEPH
613987-5	ALEPH
614034-8	ALEPH
614340-4	ALEPH
614613-2	ALEPH
614683-1	ALEPH
614970-4	ALEPH
615051-2	ALEPH
615265-X	ALEPH
615533-9	ALEPH
615546-7	ALEPH
615548-0	ALEPH
615569-8	ALEPH
615711-7	ALEPH
615751-8	ALEPH
615874-2	ALEPH
615875-4	ALEPH
615888-2	ALEPH
616283-6	ALEPH
616959-4	ALEPH
616960-0	ALEPH
619117-4	ALEPH
619120-4	ALEPH
619144-7	ALEPH
619166-6	ALEPH
619176-9	ALEPH
619183-6	ALEPH
619186-1	ALEPH
619212-9	ALEPH
619227-0	ALEPH
619327-4	ALEPH
619336-5	ALEPH
619382-1	ALEPH
619409-6	ALEPH
619435-7	ALEPH
619462-X	ALEPH
619472-2	ALEPH
620116-7	ALEPH
622585-8	ALEPH
622638-3	ALEPH
622659-0	ALEPH
622869-0	ALEPH
622999-2	ALEPH
624680-1	ALEPH
6250-9	ALEPH
627853-X	ALEPH
627949-1	ALEPH
628341-X	ALEPH
628681-1	ALEPH
629156-9	ALEPH
630066-2	ALEPH
630212-9	ALEPH
630213-0	ALEPH
630649-4	ALEPH
630650-0	ALEPH
630901-X	ALEPH
630935-5	ALEPH
631766-2	ALEPH
631924-5	ALEPH
633097-6	ALEPH
633110-5	ALEPH
633445-3	ALEPH
633464-7	ALEPH
634021-0	ALEPH
634083-0	ALEPH
634565-7	ALEPH
634589-X	ALEPH
634607-8	ALEPH
6348-4	ALEPH
634871-3	ALEPH
634974-2	ALEPH
6358-7	ALEPH
636025-7	ALEPH
636027-0	ALEPH
6363-0	ALEPH
636455-X	ALEPH
636481-0	ALEPH
636765-3	ALEPH
637533-9	ALEPH
6376-9	ALEPH
638241-1	ALEPH
638260-5	ALEPH
638315-4	ALEPH
638323-3	ALEPH
638357-9	ALEPH
638358-0	ALEPH
638363-4	ALEPH
638566-7	ALEPH
638572-2	ALEPH
638639-8	ALEPH
638673-8	ALEPH
638956-9	ALEPH
640205-7	ALEPH
640217-3	ALEPH
641060-1	ALEPH
641063-7	ALEPH
641065-0	ALEPH
641119-8	ALEPH
641320-1	ALEPH
641737-1	ALEPH
641840-5	ALEPH
642798-4	ALEPH
643056-9	ALEPH
643268-2	ALEPH
643538-5	ALEPH
643593-2	ALEPH
643669-9	ALEPH
643720-5	ALEPH
643724-2	ALEPH
643725-4	ALEPH
643727-8	ALEPH
643731-X	ALEPH
644342-4	ALEPH
644343-6	ALEPH
645525-6	ALEPH
646253-4	ALEPH
646264-9	ALEPH
646267-4	ALEPH
646649-7	ALEPH
6469-5	ALEPH
648-8	ALEPH
648020-2	ALEPH
649482-1	ALEPH
649516-3	ALEPH
649522-9	ALEPH
649523-0	ALEPH
6552-3	ALEPH
6553-5	ALEPH
6554-7	ALEPH
6618-7	ALEPH
6752-0	ALEPH
676-2	ALEPH
704-3	ALEPH
715142-1	ALEPH
715149-4	ALEPH
715150-0	ALEPH
715195-0	ALEPH
715274-7	ALEPH
715483-5	ALEPH
715484-7	ALEPH
715543-8	ALEPH
715635-2	ALEPH
715637-6	ALEPH
715639-X	ALEPH
715670-4	ALEPH
715720-4	ALEPH
715721-6	ALEPH
715722-8	ALEPH
715847-6	ALEPH
715848-8	ALEPH
715880-4	ALEPH
715881-6	ALEPH
715928-6	ALEPH
715981-X	ALEPH
716066-5	ALEPH
716101-3	ALEPH
716296-0	ALEPH
716350-2	ALEPH
716351-4	ALEPH
716353-8	ALEPH
716410-5	ALEPH
716411-7	ALEPH
716423-3	ALEPH
716565-1	ALEPH
716712-X	ALEPH
716723-4	ALEPH
716731-3	ALEPH
716957-7	ALEPH
717284-9	ALEPH
717531-0	ALEPH
717533-4	ALEPH
717714-8	ALEPH
717821-9	ALEPH
718493-1	ALEPH
718495-5	ALEPH
718534-0	ALEPH
718535-2	ALEPH
718536-4	ALEPH
718538-8	ALEPH
718616-2	ALEPH
718974-6	ALEPH
719102-9	ALEPH
719279-4	ALEPH
719551-5	ALEPH
719606-4	ALEPH
720009-2	ALEPH
720044-4	ALEPH
720599-5	ALEPH
720878-9	ALEPH
721238-0	ALEPH
721382-7	ALEPH
721631-2	ALEPH
721965-9	ALEPH
722050-9	ALEPH
722072-8	ALEPH
722603-2	ALEPH
722943-4	ALEPH
726-2	ALEPH
7371-4	ALEPH
7385-4	ALEPH
740232-6	ALEPH
7404-4	ALEPH
740471-2	ALEPH
741644-1	ALEPH
741995-8	ALEPH
748409-4	ALEPH
748411-2	ALEPH
748785-X	ALEPH
749159-1	ALEPH
749429-4	ALEPH
749618-7	ALEPH
7529-2	ALEPH
775719-0	ALEPH
775732-3	ALEPH
776113-2	ALEPH
776545-9	ALEPH
793117-7	ALEPH
795220-X	ALEPH
795350-1	ALEPH
796009-8	ALEPH
796195-9	ALEPH
796336-1	ALEPH
796344-0	ALEPH
796822-X	ALEPH
796890-5	ALEPH
797105-9	ALEPH
797399-8	ALEPH
797500-4	ALEPH
797807-8	ALEPH
798111-9	ALEPH
798177-6	ALEPH
798291-4	ALEPH
798363-3	ALEPH
798365-7	ALEPH
799785-1	ALEPH
801837-6	ALEPH
802865-5	ALEPH
803833-8	ALEPH
804313-9	ALEPH
804314-0	ALEPH
807137-8	ALEPH
809-6	ALEPH
820250-3	ALEPH
821-7	ALEPH
824-2	ALEPH
824620-8	ALEPH
83036-7	ALEPH
83060-4	ALEPH
831006-3	ALEPH
831007-5	ALEPH
83593-6	ALEPH
840272-3	ALEPH
841280-7	ALEPH
841281-9	ALEPH
84237-0	ALEPH
84287-4	ALEPH
847532-5	ALEPH
849562-2	ALEPH
85116-4	ALEPH
855235-6	ALEPH
857385-2	ALEPH
85951-5	ALEPH
868824-2	ALEPH
87334-2	ALEPH
874-6	ALEPH
875-8	ALEPH
880027-3	ALEPH
880647-0	ALEPH
881145-3	ALEPH
88517-4	ALEPH
890338-4	ALEPH
89236-1	ALEPH
90453-3	ALEPH
90852-6	ALEPH
915751-7	ALEPH
918177-5	ALEPH
919537-3	ALEPH
920485-4	ALEPH
93411-2	ALEPH
93519-0	ALEPH
93914-6	ALEPH
9493-6	ALEPH
950395-X	ALEPH
950829-6	ALEPH
951196-9	ALEPH
952991-3	ALEPH
954231-0	ALEPH
955625-4	ALEPH
956096-8	ALEPH
956168-7	ALEPH
956570-X	ALEPH
957765-8	ALEPH
958155-8	ALEPH
958537-0	ALEPH
959277-5	ALEPH
96044-5	ALEPH
961088-1	ALEPH
961282-8	ALEPH
961283-X	ALEPH
961373-0	ALEPH
962156-8	ALEPH
962505-7	ALEPH
964635-8	ALEPH
966415-4	ALEPH
967617-X	ALEPH
968729-4	ALEPH
969052-9	ALEPH
969204-6	ALEPH
974804-0	ALEPH
974839-8	ALEPH
975030-7	ALEPH
976457-4	ALEPH
977569-9	ALEPH
979001-9	ALEPH
979061-5	ALEPH
979281-8	ALEPH
980458-4	ALEPH
981945-9	ALEPH
983740-1	ALEPH
983741-3	ALEPH
984424-7	ALEPH
985363-7	ALEPH
986713-2	ALEPH
987406-9	ALEPH
987451-3	ALEPH
987468-9	ALEPH
988308-3	ALEPH
988949-8	ALEPH
989-1	ALEPH
990774-9	ALEPH
991437-7	ALEPH
991478-X	ALEPH
991538-2	ALEPH
996383-2	ALEPH
996389-3	ALEPH
996973-1	ALEPH
998441-0	ALEPH
999837-8	ALEPH
	ALEPH